Month,RevenueLost
2011-01,132782.1255059435
2011-02,200280.27472689076
2011-03,113769.30885211285
2011-04,160212.67741536399
2011-05,133232.1324247312
2011-06,177329.73471001067
2011-07,176789.19903092243
2011-08,148815.18912106726
2011-09,150683.8972068137
2011-10,250193.22683608925
2011-11,283606.96204372565
2011-12,353177.22842876584
